epoch,train_loss,test_loss,top1,
0,24.610177993774414,3.689336948776245,17.420000076293945
1,18.829565048217773,3.8402861736297607,22.780000686645508
